{
  "experiment": "eliminate_bench",
  "start_year": 2018,
  "end_year": 2025,
  "col_off": 75000,
  "row_off": 40000,
  "repeats": 5,
  "thresholds": [
    100,
    1000,
    10000,
    10000
  ],
  "min_cropland_years": 2,
  "hardware": {
    "platform": "Linux-4.18.0-553.105.1.el8_10.x86_64-x86_64-with-glibc2.28",
    "processor": "x86_64",
    "python": "3.14.3"
  },
  "results": [
    {
      "size": 1000,
      "n_labels": 145887,
      "implementations": {
        "raster": {
          "status": "ok",
          "repeats": 5,
          "n_ok": 5,
          "time_s": {
            "median": 0.6174586269989959,
            "q1": 0.595797396999842,
            "q3": 0.6809231730003376,
            "min": 0.5909846009999455,
            "max": 0.7040877550007281
          },
          "peak_rss_mb": {
            "median": 221.77734375,
            "q1": 221.77734375,
            "q3": 221.77734375,
            "min": 221.77734375,
            "max": 221.77734375
          },
          "n_survivors": 27497,
          "area_m2": 711490500.0
        },
        "duckdb": {
          "status": "ok",
          "repeats": 5,
          "n_ok": 5,
          "time_s": {
            "median": 13.150543166000716,
            "q1": 12.955932365999615,
            "q3": 13.192731802999333,
            "min": 12.952512530999229,
            "max": 13.216269272999853
          },
          "peak_rss_mb": {
            "median": 859.46484375,
            "q1": 853.61328125,
            "q3": 861.4609375,
            "min": 843.33984375,
            "max": 863.546875
          },
          "n_survivors": 27497,
          "area_m2": 711490500.0
        },
        "sedona": {
          "status": "ok",
          "repeats": 5,
          "n_ok": 5,
          "time_s": {
            "median": 2.7438616640010878,
            "q1": 2.7072294749996217,
            "q3": 2.7960281489995396,
            "min": 2.491000319001614,
            "max": 3.6365209219984536
          },
          "peak_rss_mb": {
            "median": 765.01171875,
            "q1": 762.26953125,
            "q3": 765.2109375,
            "min": 762.26953125,
            "max": 771.55859375
          },
          "n_survivors": 27497,
          "area_m2": 711490500.0
        }
      }
    },
    {
      "size": 2500,
      "n_labels": 852317,
      "implementations": {
        "raster": {
          "status": "ok",
          "repeats": 5,
          "n_ok": 5,
          "time_s": {
            "median": 2.8152938729999732,
            "q1": 2.8087633049999567,
            "q3": 2.838329109001279,
            "min": 2.726625041999796,
            "max": 2.9218575409995537
          },
          "peak_rss_mb": {
            "median": 531.4296875,
            "q1": 531.4296875,
            "q3": 531.4296875,
            "min": 531.4296875,
            "max": 531.4296875
          },
          "n_survivors": 164930,
          "area_m2": 4204221300.0
        },
        "duckdb": {
          "status": "ok",
          "repeats": 5,
          "n_ok": 5,
          "time_s": {
            "median": 25.91462722000142,
            "q1": 25.703795372000968,
            "q3": 26.005983906999973,
            "min": 25.686110804002965,
            "max": 26.106153534999976
          },
          "peak_rss_mb": {
            "median": 2896.22265625,
            "q1": 2885.0078125,
            "q3": 2918.18359375,
            "min": 2878.11328125,
            "max": 2921.54296875
          },
          "n_survivors": 164930,
          "area_m2": 4204221300.0
        },
        "sedona": {
          "status": "ok",
          "repeats": 5,
          "n_ok": 5,
          "time_s": {
            "median": 9.026578750002955,
            "q1": 9.00878090200058,
            "q3": 9.05423061699912,
            "min": 8.895141942997725,
            "max": 9.436513886001194
          },
          "peak_rss_mb": {
            "median": 2258.08984375,
            "q1": 2245.01171875,
            "q3": 2271.18359375,
            "min": 2239.5234375,
            "max": 2282.671875
          },
          "n_survivors": 164930,
          "area_m2": 4204221300.0
        }
      }
    },
    {
      "size": 5000,
      "n_labels": 3562730,
      "implementations": {
        "raster": {
          "status": "ok",
          "repeats": 5,
          "n_ok": 5,
          "time_s": {
            "median": 11.174545272002433,
            "q1": 11.13705603699782,
            "q3": 11.183726340001158,
            "min": 11.119164709998586,
            "max": 11.292741459001263
          },
          "peak_rss_mb": {
            "median": 1663.640625,
            "q1": 1663.640625,
            "q3": 1663.640625,
            "min": 1663.640625,
            "max": 1663.640625
          },
          "n_survivors": 652004,
          "area_m2": 14751706500.0
        },
        "duckdb": {
          "status": "ok",
          "repeats": 5,
          "n_ok": 5,
          "time_s": {
            "median": 51.314618544998666,
            "q1": 51.16973072699693,
            "q3": 51.60930297400046,
            "min": 50.230986599999596,
            "max": 52.12927531199966
          },
          "peak_rss_mb": {
            "median": 8291.67578125,
            "q1": 8277.44140625,
            "q3": 8386.01953125,
            "min": 8151.22265625,
            "max": 8523.2734375
          },
          "n_survivors": 652004,
          "area_m2": 14751706500.0
        },
        "sedona": {
          "status": "crash",
          "repeats": 5,
          "sample_error": {
            "status": "crash",
            "error_type": "ProcessDied",
            "error": "exitcode=1"
          }
        }
      }
    }
  ]
}